{"cameraMode":{"drawMode":0,"name":"Shaded","section":"Shading Mode"},"sceneLighting":false,"audioPlay":false,"sceneViewState":{"showFog":true,"showMaterialUpdate":true,"showSkybox":false,"showFlares":true,"showImageEffects":true,"showParticleSystems":true},"in2DMode":false,"pivot":{"x":-1.0,"y":0.6000000238418579,"z":0.08500000089406967},"rotation":{"x":0.13702240586280824,"y":-0.4144306182861328,"z":0.06330978870391846,"w":0.8975580930709839},"size":0.5012486577033997,"orthographic":false}