{"cameraMode":{"drawMode":0,"name":"Shaded","section":"Shading Mode"},"sceneLighting":false,"audioPlay":false,"sceneViewState":{"showFog":true,"showMaterialUpdate":true,"showSkybox":false,"showFlares":true,"showImageEffects":true,"showParticleSystems":true},"in2DMode":false,"pivot":{"x":-0.5847880840301514,"y":-1.1273823976516724,"z":0.51328045129776},"rotation":{"x":0.02577527053654194,"y":-0.9739518165588379,"z":0.17121604084968568,"w":0.14693206548690797},"size":2.549999713897705,"orthographic":false}