{"cameraMode":{"drawMode":0,"name":"Shaded","section":"Shading Mode"},"sceneLighting":true,"audioPlay":false,"sceneViewState":{"showFog":true,"showMaterialUpdate":true,"showSkybox":true,"showFlares":true,"showImageEffects":true,"showParticleSystems":true},"in2DMode":false,"pivot":{"x":-53.56968307495117,"y":-19.9534854888916,"z":44.44096755981445},"rotation":{"x":0.13702240586280824,"y":-0.4144306182861328,"z":0.06330978870391846,"w":0.8975580930709839},"size":34.204559326171878,"orthographic":false}