{"cameraMode":{"drawMode":0,"name":"Shaded","section":"Shading Mode"},"sceneLighting":false,"audioPlay":false,"sceneViewState":{"showFog":true,"showMaterialUpdate":true,"showSkybox":false,"showFlares":true,"showImageEffects":true,"showParticleSystems":true},"in2DMode":false,"pivot":{"x":1.0506426095962525,"y":0.8453583717346191,"z":1.678611397743225},"rotation":{"x":0.003834842937067151,"y":-0.984853982925415,"z":0.02187446877360344,"w":0.17222048342227937},"size":0.8660253882408142,"orthographic":false}